family,discipline,title,manuscripts,lean,reasoning_trace,first_paper
001,Number theory,Milne's rationality conjecture,1,,,preprints/Milnes-rationality-conjecture-for-abelian-varieties-September-23-2026/paper.pdf
002,Number theory,The full Birch–Swinnerton-Dyer formula in Selmer coranks zero and one,3,,,preprints/Exact-Birch-Swinnerton-Dyer-Formula-from-Low-Selmer-Corank-October-3-2026/exact-bsd-low-selmer-corank.pdf
003,Number theory,The quasi-Riemann hypothesis,3,yes,,preprints/The-Quasi-Riemann-Hypothesis-September-30-2026/paper.pdf
004,Number theory,Hilbert's tenth problem over $\mathbb Q$,2,,,preprints/Hilberts-tenth-problem-over-the-rational-numbers-September-24-2026/main.pdf
005,Number theory,Irrationality of Catalan's constant,1,yes,,preprints/Catalans-constant-is-irrational-September-24-2026/paper.pdf
006,Number theory,Goldfeld's conjecture,2,,,preprints/Goldfelds-analytic-density-conjecture-and-the-2-converse-for-elliptic-curves-September-23-2026/paper.pdf
007,Number theory,Two-point Chowla and the corrected binary Elliott conjecture,1,yes,ordinary-two-point-correlations.pdf,preprints/Ordinary-two-point-correlations-of-multiplicative-functions-September-24-2026/final.pdf
008,Number theory,The Deligne–Drinfeld conjecture,1,yes,,preprints/The-Deligne-Drinfeld-conjecture-September-23-2026/paper.pdf
009,Number theory,Bogomolov–Pop and Milnor $K$-theoretic reconstruction,3,yes,,preprints/Reconstruction-of-Function-Fields-from-Mod-ell-Milnor-K-Theory-October-5-2026/mod-ell-bogomolov-pop.pdf
010,Number theory,Fontaine–Mazur modularity at the prime $2$ and $2$-adic pro-modularity,3,,,preprints/Unrestricted-pro-modularity-at-the-prime-two-October-4-2026/two-adic-promodularity.pdf
011,Number theory,The Ford–Konyagin–Luca conjecture on prime predecessors,3,,,preprints/Weighted-Dilation-Graphs-Smooth-Shifted-Primes-and-Totient-Fibers-September-24-2026/paper.pdf
012,Number theory,Independent largest prime factors of consecutive integers,1,yes,,preprints/The-joint-Dickman-law-for-consecutive-integers-September-24-2026/paper.pdf
013,Number theory,Ostmann's inverse Goldbach conjecture,1,yes,,preprints/the-additive-indecomposability-of-the-primes-September-24-2026/paper.pdf
014,Number theory,"Restricted geometric Langlands, generic Ramanujan and Arthur parameters",8,,,preprints/Global-Arthur-Enhancements-of-Cuspidal-Excursion-Parameters-October-5-2026/manuscript.pdf
015,Number theory,"Torus-packet equidistribution in prime, quartic, and sextic degrees",3,yes,,preprints/Equidistribution-of-Prime-Degree-Torus-Packets-with-Arbitrary-Local-Type-September-24-2026/paper.pdf
016,Number theory,Zilber–Pink in abelian varieties and the Siegel threefold,4,,,preprints/The-Abelian-Zilber-Pink-Conjecture-September-24-2026/paper.pdf
017,Number theory,The irrationality exponent of $\pi$ is $2$,1,yes,irrationality-exponent-of-pi.pdf,preprints/The-irrationality-exponent-of-pi-is-2-September-24-2026/paper.pdf
018,Number theory,The Margulis–Platonov conjecture over global fields,2,,,preprints/The-Margulis-Platonov-conjecture-over-global-function-fields-October-5-2026/margulis-platonov-global-function-fields.pdf
019,Number theory,The $p$-adic section conjecture,2,,,preprints/Etale-covers-with-a-prescribed-exterior-sheet-September-24-2026/main.pdf
020,Number theory,Squarefree quartics and power-free polynomial values,1,yes,,preprints/Squarefree-values-of-quartics-and-power-free-values-of-polynomials-September-24-2026/manuscript.pdf
021,Number theory,A quadratic bound for Jacobsthal's function,1,yes,,preprints/A-quadratic-bound-for-Jacobsthals-function-September-25-2026/paper.pdf
022,Number theory,The weak inhomogeneous Duffin–Schaeffer conjecture,1,,,preprints/The-weak-inhomogeneous-Duffin-Schaeffer-conjecture-September-25-2026/paper.pdf
023,Number theory,Patterson’s first moment for cubic Gauss sums,1,yes,,preprints/An-unconditional-first-moment-for-cubic-Gauss-sums-September-25-2026/paper.pdf
024,Number theory,An asymptotic formula for the number of totients,1,yes,,preprints/An-asymptotic-formula-for-the-number-of-totients-September-25-2026/An-asymptotic-formula-for-the-number-of-totients-September-25-2026.pdf
025,Number theory,Erdős’s short Egyptian-fraction conjecture,1,yes,,preprints/Short-Egyptian-fractions-September-25-2026/Short-Egyptian-fractions-September-25-2026.pdf
026,Number theory,Positive lower density of large prime gaps,1,yes,,preprints/Positive-lower-density-of-large-prime-gaps-September-25-2026/main.pdf
027,Number theory,Integral density on curve character varieties,1,,,preprints/Integral-points-on-character-varieties-of-curves-September-25-2026/paper.pdf
028,Number theory,The Gaussian moat conjecture,1,yes,,preprints/Bounded-Step-Walks-on-Gaussian-Primes-September-26-2026/paper.pdf
029,Number theory,Artin's primitive root conjecture: infinitude for every base,2,,,preprints/Primitive-roots-for-every-admissible-integer-base-October-4-2026/primitive-roots-all-integer-bases.pdf
030,Number theory,Modularity over imaginary quadratic fields,1,,,preprints/Modularity-of-elliptic-curves-over-imaginary-quadratic-fields-October-4-2026/paper.pdf
031,Number theory,Uchida's conjecture for open Galois homomorphisms,1,,,preprints/Open-Homomorphisms-of-Global-Solvably-Closed-Galois-Groups-October-5-2026/open-homomorphisms-solvably-closed-galois-groups.pdf
032,Algebraic and complex geometry,The rational Hodge conjecture for CM abelian varieties and products of K3 surfaces,8,,,preprints/The-rational-Hodge-conjecture-for-CM-abelian-varieties-September-30-2026/paper.pdf
033,Algebraic and complex geometry,Campana's orbifold Iitaka conjecture and logarithmic subadditivity,5,yes,,preprints/Orbifold-and-logarithmic-Iitaka-subadditivity-September-26-2026/paper.pdf
034,Algebraic and complex geometry,Log abundance and effective Iitaka fibrations,14,,,preprints/Log-abundance-for-compact-Kahler-spaces-under-logarithmic-Iitaka-subadditivity-October-4-2026/main.pdf
035,Algebraic and complex geometry,Threefold log abundance in numerical dimension one in characteristic $p>3$,2,,,preprints/Log-abundance-in-numerical-dimension-one-for-threefolds-in-positive-characteristic-October-5-2026/paper.pdf
036,Algebraic and complex geometry,Numerical semiampleness and generalized minimal models,4,,,preprints/Numerical-semiampleness-of-nef-adjoint-classes-on-compact-Kahler-manifolds-October-4-2026/numerical-generalized-abundance.pdf
037,Algebraic and complex geometry,The sharp ordinary-double-point volume gap,2,,,preprints/The-ordinary-double-point-gap-in-every-dimension-September-24-2026/paper.pdf
038,Algebraic and complex geometry,Fujita's freeness conjecture,1,,,preprints/Fujitas-freeness-conjecture-September-23-2026/Fujitas-freeness-conjecture-September-23-2026.pdf
039,Algebraic and complex geometry,Nagata's conjecture and maximal Seshadri constants,4,yes,,preprints/Nagatas-Conjecture-for-Plane-Curves-September-23-2026/main.pdf
040,Algebraic and complex geometry,Bloch's conjecture for complex surfaces,1,,,preprints/Blochs-Conjecture-for-Surfaces-with-pg-equals-q-equals-0-September-24-2026/paper.pdf
041,Algebraic and complex geometry,Hyperkahler SYZ and projective-space bases,2,,,preprints/Projective-Space-Bases-of-Lagrangian-Fibrations-September-23-2026/main.pdf
042,Algebraic and complex geometry,Oka classification for K3 surfaces and other compact complex surfaces,1,,,preprints/Every-complex-K3-surface-is-Oka-September-23-2026/paper.pdf
043,Algebraic and complex geometry,$P=W$ for fixed-determinant moduli spaces,1,,,preprints/P-equals-W-in-composite-rank-for-fixed-determinant-September-24-2026/P-equals-W-in-composite-rank-for-fixed-determinant-September-24-2026.pdf
044,Algebraic and complex geometry,The equivariant cohomological Hikita conjecture for quivers,1,,,preprints/The-equivariant-cohomological-Hikita-conjecture-for-arbitrary-quivers-September-24-2026/main.pdf
046,Algebraic and complex geometry,Counterexamples to Shafarevich holomorphic convexity,2,,,preprints/A-projective-fourfold-with-large-fundamental-group-and-non-Stein-universal-cover-October-5-2026/large-fundamental-group-non-stein.pdf
047,Algebraic and complex geometry,Complex counterexamples to cancellation and affine fibrations,1,yes,,preprints/An-explicit-failure-of-complex-affine-space-cancellation-September-23-2026/paper.pdf
048,Algebraic and complex geometry,A characteristic-zero counterexample to Lipman–Zariski,1,,,preprints/A-singular-normal-affine-surface-with-free-tangent-sheaf-September-23-2026/paper.pdf
049,Algebraic and complex geometry,A stable-coordinate counterexample in four variables,2,yes,,preprints/A-stable-coordinate-that-is-not-a-coordinate-in-four-variables-October-5-2026/stable-coordinate-four-variables.pdf
050,Algebraic and complex geometry,A counterexample to Griffiths' positivity conjecture,1,yes,,preprints/ample-rank-two-bundles-on-the-quadric-surface-without-griffiths-positive-metrics-September-24-2026/paper.pdf
051,Algebraic and complex geometry,Kobayashi's canonical-ampleness conjecture,1,,,preprints/Canonical-ampleness-of-compact-hyperbolic-Kahler-manifolds-September-23-2026/canonical-ampleness.pdf
052,Algebraic and complex geometry,Tangent-bundle splittings and universal covers,2,yes,,preprints/Universal-cover-splitting-for-compact-Kahler-manifolds-September-23-2026/paper.pdf
053,Algebraic and complex geometry,A counterexample to Pixton's original completeness conjecture,1,,,preprints/A-high-arity-counterexample-to-Pixton-completeness-in-Chow-September-24-2026/paper.pdf
054,Algebraic and complex geometry,Counterexamples to Kuznetsov's rationality conjecture,1,,,preprints/Irrational-cubic-fourfolds-with-geometric-K3-categories-September-24-2026/Irrational-cubic-fourfolds-with-geometric-K3-categories-September-24-2026.pdf
055,Algebraic and complex geometry,Toda's Gepner conjecture and large-volume stability,2,,,preprints/A-Gepner-stability-condition-on-every-smooth-quintic-threefold-September-24-2026/paper.pdf
056,Algebraic and complex geometry,Termination of fourfold minimal model programs,5,,,preprints/Termination-of-generalized-log-canonical-flips-on-compact-Kahler-fourfolds-October-5-2026/termination-generalized-lc-kahler-fourfolds.pdf
057,Algebraic and complex geometry,Campana's abelianity conjecture and special varieties,3,,,preprints/The-abelianity-conjecture-for-special-compact-Kahler-manifolds-September-23-2026/paper.pdf
058,Algebraic and complex geometry,The Kollar–Pardon universal-cover conjecture,2,yes,,preprints/Semialgebraic-universal-covers-of-normal-projective-varieties-September-24-2026/paper.pdf
059,Algebraic and complex geometry,Counterexamples to Zariski's multiplicity conjecture,2,,,preprints/Ambiently-homeomorphic-isolated-hypersurfaces-of-multiplicities-two-and-three-September-24-2026/paper.pdf
060,Algebraic and complex geometry,The Global Spherical Shell conjecture,1,,,preprints/Global-Spherical-Shells-on-Minimal-Surfaces-of-Class-VII-September-24-2026/paper.pdf
062,Algebraic and complex geometry,The LeBrun–Salamon conjecture and projective contact classification,1,,,preprints/Contact-Fano-manifolds-and-the-LeBrun-Salamon-conjecture-September-23-2026/paper.pdf
063,Algebraic and complex geometry,The generalized Mukai conjecture,1,,,preprints/The-Generalized-Mukai-Conjecture-September-24-2026/article.pdf
064,Algebraic and complex geometry,The $\mu$-constant problem for surface singularities,1,,,preprints/Topological-triviality-of-mu-constant-families-of-surface-singularities-September-24-2026/main.pdf
065,Algebraic and complex geometry,Virasoro constraints for complete intersections and projective bundles,2,,,preprints/Virasoro-Constraints-under-Projectivization-October-5-2026/virasoro-constraints-under-projectivization.pdf
066,Algebraic and complex geometry,Bounded klt complements for Fano contractions,2,,,preprints/Bounded-klt-complements-for-Fano-contractions-September-25-2026/Bounded-klt-complements-for-Fano-contractions-September-25-2026.pdf
067,Algebraic and complex geometry,The Campana–Peternell conjecture in dimension six,1,,,preprints/The-Campana-Peternell-conjecture-in-dimension-six-September-25-2026/main.pdf
068,Algebraic and complex geometry,Anticanonical nonvanishing under smooth semipositivity,7,,,preprints/Anticanonical-nonvanishing-from-smooth-semipositivity-September-26-2026/main.pdf
069,Algebraic and complex geometry,Quantum geometric Langlands at irrational level,1,,,preprints/Global-quantum-geometric-Langlands-at-irrational-level-October-4-2026/quantum-langlands.pdf
071,Real and complex analysis,Koebe's circle-domain conjecture and circle-domain rigidity,2,yes,,preprints/Removable-Boundaries-and-Rigidity-of-Circle-Domains-September-23-2026/paper.pdf
072,Real and complex analysis,Brennan's conjecture and a counterexample to Kraetzer's prediction,2,yes,,preprints/Brennans-conjecture-and-sharp-inverse-square-integral-means-September-24-2026/paper.pdf
073,Real and complex analysis,The Falconer distance conjecture,1,yes,,preprints/The-Falconer-distance-conjecture-in-all-dimensions-September-23-2026/paper.pdf
074,Real and complex analysis,Kakeya in three and four dimensions,2,,,preprints/The-Kakeya-maximal-conjecture-in-three-dimensions-September-23-2026/paper.pdf
075,Real and complex analysis,The $L\log L$ Fourier-convergence conjecture,1,,,preprints/Almost-everywhere-Fourier-convergence-in-L-log-L-September-23-2026/paper.pdf
076,Real and complex analysis,Ultraflat real Littlewood polynomials,3,yes,,preprints/Ultraflat-real-Littlewood-polynomials-October-5-2026/ultraflat-real-littlewood-polynomials.pdf
077,Real and complex analysis,Fourier restriction for positively curved surfaces,2,,,preprints/Elliptic-capacity-propagation-and-Fourier-restriction-to-the-sphere-September-24-2026/Elliptic-capacity-propagation-and-Fourier-restriction-to-the-sphere-September-24-2026.pdf
078,Real and complex analysis,The three-dimensional Bochner–Riesz conjecture,1,,,preprints/Bochner-Riesz-Multipliers-in-Three-Dimensions-September-24-2026/Bochner-Riesz-Multipliers-in-Three-Dimensions-September-24-2026.pdf
079,Real and complex analysis,Sogge's local smoothing conjecture in dimension three,1,,,preprints/Critical-local-smoothing-for-the-three-dimensional-wave-equation-September-24-2026/paper.pdf
080,Real and complex analysis,The Sobolev endpoint in Carleson's Schrodinger convergence problem,2,,,preprints/Endpoint-convergence-for-the-planar-Schrodinger-equation-September-24-2026/paper.pdf
081,Real and complex analysis,The David–Semmes Riesz-transform problem in higher codimension,1,yes,,preprints/Riesz-transforms-and-uniform-rectifiability-in-higher-codimension-September-24-2026/paper.pdf
082,Real and complex analysis,Maximal and variational bounds for the triangular Hilbert transform,3,yes,,preprints/Annular-variation-of-the-triangular-Hilbert-transform-at-the-symmetric-point-October-5-2026/annular-variation.pdf
083,Real and complex analysis,Stein's conjecture for Hilbert transforms along Lipschitz directions,1,yes,,preprints/A-uniform-Hilbert-transform-estimate-for-Lipschitz-directions-September-25-2026/main.pdf
084,Real and complex analysis,The geometric case of the Erdős similarity conjecture,2,yes,,preprints/The-geometric-case-of-the-Erdos-similarity-conjecture-October-5-2026/geometric-erdos-similarity.pdf
085,Real and complex analysis,Endpoint regularity of the planar centered maximal function,1,yes,,preprints/An-Endpoint-Gradient-Bound-for-the-Centered-Disk-Maximal-Operator-September-26-2026/article.pdf
086,Real and complex analysis,An $L^3$ bound for the trilinear Hilbert transform,1,,,preprints/An-L3-bound-for-the-trilinear-Hilbert-transform-October-5-2026/paper.pdf
087,Convex and metric geometry,The Mahler conjectures and symplectic width,3,yes,symmetric-and-general-mahler-conjectures.pdf,preprints/The-symmetric-Mahler-conjecture-and-its-equality-cases-September-22-2026/paper.pdf
088,Convex and metric geometry,Petty's projection-volume conjecture and simplex counterexamples,2,yes,,preprints/Pettys-projection-volume-conjecture-in-dimensions-at-least-four-September-24-2026/paper.pdf
089,Convex and metric geometry,Bounded-distortion $L_1$ embeddings of planar and bounded-treewidth graphs,2,yes,,preprints/Planar-Graph-Metrics-Embed-into-L1-with-Constant-Distortion-September-23-2026/paper.pdf
090,Convex and metric geometry,Universal optimality of the triangular lattice,4,yes,,preprints/An-atomic-certificate-for-triangular-lattice-universal-optimality-September-26-2026/paper.pdf
091,Convex and metric geometry,The logarithmic Brunn–Minkowski conjecture,1,yes,,preprints/The-logarithmic-Brunn-Minkowski-conjecture-September-23-2026/paper.pdf
092,Convex and metric geometry,The optimal order of convex-body covering density,2,yes,,preprints/A-single-lattice-covering-bound-of-order-n-log-n-September-23-2026/paper.pdf
093,Convex and metric geometry,Dimension-free logarithmic Sobolev inequality for subgaussian log-concave measures,1,,,preprints/A-dimension-free-logarithmic-Sobolev-inequality-for-subgaussian-log-concave-measures-September-23-2026/paper.pdf
094,Convex and metric geometry,Subpolynomial dimension reduction in $L_p$,1,yes,,preprints/Subpolynomial-dimension-reduction-in-Lp-September-23-2026/paper.pdf
095,Convex and metric geometry,Hyperbolicity cones without semidefinite lifts,3,yes,,preprints/Hyperbolicity-Cones-Without-Semidefinite-Lifts-October-5-2026/nonliftable-hyperbolicity.pdf
096,Convex and metric geometry,The Gaussian propeller conjecture,1,yes,,preprints/The-Gaussian-Propeller-Bound-in-Every-Dimension-September-24-2026/main.pdf
097,Convex and metric geometry,The Euclidean Steinitz–Bergstrom conjecture,1,yes,,preprints/The-Euclidean-Steinitz-Bergstrom-theorem-September-24-2026/The-Euclidean-Steinitz-Bergstrom-theorem-September-24-2026.pdf
098,Convex and metric geometry,A negative answer to the Lang–Plaut problem,1,yes,,preprints/A-doubling-Hilbert-subset-with-no-finite-dimensional-bi-Lipschitz-embedding-September-25-2026/main.pdf
099,Convex and metric geometry,The sharp distortion of edit distance into $\ell_1$,3,yes,,preprints/Edit-Distance-in-l1-Matching-Bounds-up-to-Constants-in-the-Exponent-September-27-2026/paper.pdf
100,Convex and metric geometry,A counterexample to Bang's cylinder-covering bound,4,yes,,preprints/Finite-angular-cylinder-covers-below-the-half-area-bound-September-27-2026/main.pdf
101,Convex and metric geometry,The sharp simplex conjecture for isotropic constants,1,,,preprints/A-sharp-entropy-bound-and-the-simplex-inequality-for-isotropic-constants-October-5-2026/isotropic-simplex.pdf
102,Theoretical computer science,The Unique Games Conjecture and optimal approximation thresholds,5,yes,basic-semidefinite-threshold-np-hardness.pdf,preprints/The-Unique-Games-Theorem-September-23-2026/paper.pdf
103,Theoretical computer science,Derandomization of logarithmic space: $\mathsf L=\mathsf{RL}=\mathsf{BPL}$,1,,,preprints/Exact-Derandomization-of-Logarithmic-Space-L-equals-RL-equals-BPL-September-23-2026/paper.pdf
104,Theoretical computer science,"Quasipolynomial algorithms for mean-payoff, stochastic and parity games",4,yes,,preprints/Turn-Based-Stochastic-Mean-Payoff-Games-in-Deterministic-Quasipolynomial-Time-October-5-2026/stochastic-mean-payoff-games.pdf
105,Theoretical computer science,The 2-to-1 Games Conjecture with perfect completeness,1,yes,,preprints/Perfect-completeness-for-2-to-1-games-September-23-2026/paper.pdf
106,Theoretical computer science,Hardness of coloring three-colorable graphs,1,yes,,preprints/Hardness-of-finding-large-independent-sets-in-three-colorable-graphs-September-24-2026/Hardness-of-finding-large-independent-sets-in-three-colorable-graphs-September-24-2026.pdf
107,Theoretical computer science,Matrix multiplication with exponent at most $9/4$,3,yes,,preprints/Matrix-Multiplication-Nine-Fourths-October-2-2026/paper.pdf
108,Theoretical computer science,A cubic permanent–determinant lower bound,1,yes,,preprints/A-cubic-lower-bound-for-border-determinantal-complexity-of-the-permanent-September-24-2026/A-cubic-lower-bound-for-border-determinantal-complexity-of-the-permanent-September-24-2026.pdf
109,Theoretical computer science,Integer multiplication below $n\log n$,1,,,preprints/Integer-multiplication-below-n-log-n-September-23-2026/paper.pdf
110,Theoretical computer science,Optimal-order randomized $k$-server on arbitrary metrics,2,yes,,preprints/Squared-logarithmic-randomized-k-server-on-arbitrary-metrics-September-24-2026/Squared-logarithmic-randomized-k-server-on-arbitrary-metrics-September-24-2026.pdf
111,Theoretical computer science,One-sample matroid prophet inequalities against an almighty adversary,1,yes,,preprints/One-Sample-Suffices-for-Matroid-Prophet-Inequalities-against-an-Almighty-Adversary-September-23-2026/final.pdf
112,Theoretical computer science,Beyond the square-root exponent for depth-three circuits,1,yes,,preprints/Beyond-the-Square-Root-Exponent-for-Depth-Three-Boolean-Circuits-September-23-2026/main.pdf
113,Theoretical computer science,Approximate counting and the perfect-matching entropy conjecture,2,yes,,preprints/A-Fully-Polynomial-Randomized-Approximation-Scheme-for-Perfect-Matchings-in-General-Graphs-September-23-2026/main.pdf
114,Theoretical computer science,Approximate counting of common integer polymatroid bases,2,yes,,preprints/An-FPRAS-for-Common-Integer-Polymatroid-Bases-with-Binary-Capacities-October-5-2026/polymatroid-fpras.pdf
115,Theoretical computer science,Sampling and counting contingency tables with arbitrary margins,2,yes,,preprints/Exact-Uniform-Sampling-of-Contingency-Tables-with-Arbitrary-Margins-September-24-2026/main.pdf
116,Theoretical computer science,Uniform identity testing for noncommutative formulas,3,yes,,preprints/Uniform-Matrix-Hitting-Points-in-Every-Positive-Characteristic-October-4-2026/uniform-matrix-hitting-points-positive-characteristic.pdf
117,Theoretical computer science,Uniform sparsest cut: hardness and semidefinite gaps,2,yes,,preprints/Constant-factor-hardness-of-uniform-sparsest-cut-September-24-2026/Constant-factor-hardness-of-uniform-sparsest-cut-September-24-2026.pdf
118,Theoretical computer science,Unbounded bin-packing gaps and the modified integer round-up conjecture,1,yes,,preprints/Additive-hardness-and-unbounded-configuration-gaps-in-bin-packing-September-24-2026/Additive-hardness-and-unbounded-configuration-gaps-in-bin-packing-September-24-2026.pdf
119,Theoretical computer science,The Courtade–Kumar and Hellinger conjectures,2,yes,,preprints/Sharp-binary-information-contraction-on-the-discrete-cube-September-24-2026/main.pdf
120,Theoretical computer science,Almost-linear-time exact matching in general graphs,1,,,preprints/Almost-Linear-Time-Maximum-Cardinality-Matching-in-Sparse-General-Graphs-September-24-2026/main.pdf
121,Theoretical computer science,Almost-linear expected-time approximation of edit distance,1,yes,,preprints/An-Almost-Linear-Approximation-Scheme-for-Edit-Distance-September-24-2026/paper.pdf
122,Theoretical computer science,Superpolynomial lower bounds and quasipolynomial reconstruction from deletion traces,3,yes,,preprints/Uniform-quasipolynomial-time-trace-reconstruction-October-5-2026/uniform-trace-reconstruction.pdf
124,Theoretical computer science,Polynomial-time scheduling on three identical machines,1,yes,,preprints/A-polynomial-time-algorithm-for-three-machine-unit-job-scheduling-September-24-2026/paper.pdf
125,Theoretical computer science,The approximation threshold for metric $k$-median,2,yes,,preprints/Single-Exponential-Recovery-and-Bounded-Price-Strictness-for-Metric-k-Median-September-24-2026/paper.pdf
126,Theoretical computer science,Exponential semidefinite complexity of perfect matching,1,yes,,preprints/Exponential-PSD-rank-of-positively-shifted-matching-matrices-October-5-2026/shifted-matching-psd.pdf
127,Theoretical computer science,The asymptotic Gotsman–Linial conjecture,1,yes,,preprints/Average-Sensitivity-of-Polynomial-Threshold-Functions-September-25-2026/main.pdf
128,Theoretical computer science,A factor-two approximation for shortest common superstring,1,yes,,preprints/A-Polynomial-Time-2-Approximation-for-Shortest-Common-Superstring-September-24-2026/paper.pdf
129,Theoretical computer science,Exponential state costs for two-way automata,2,yes,,preprints/An-exponential-state-lower-bound-for-two-way-nondeterministic-complementation-September-25-2026/paper.pdf
130,Theoretical computer science,Fourier transforms below $n\log n$,2,yes,,preprints/An-explicit-power-saving-for-the-exact-discrete-Fourier-transform-September-25-2026/main.pdf
131,Theoretical computer science,Polynomial mixing of graph switches with prescribed degrees,1,yes,,preprints/Polynomial-Mixing-of-the-Switch-Chain-for-Every-Graphical-Degree-Sequence-September-25-2026/main.pdf
132,Theoretical computer science,A counterexample to the quadratic sensitivity conjecture,1,yes,,preprints/A-superquadratic-separation-between-sensitivity-and-block-sensitivity-September-25-2026/paper.pdf
133,Theoretical computer science,The complexity of Weisfeiler–Leman refinement,4,yes,,preprints/Parity-lifts-and-bounded-treewidth-witnesses-for-Weisfeiler-Leman-equivalence-September-25-2026/paper.pdf
134,Theoretical computer science,Generalized star height at most three,3,yes,,preprints/Finite-Monoid-Computations-and-a-Uniform-Generalized-Star-Height-Bound-September-25-2026/Finite-Monoid-Computations-and-a-Uniform-Generalized-Star-Height-Bound-September-25-2026.pdf
135,Theoretical computer science,Sharp homogeneous depth-five complexity of matrix products,1,yes,,preprints/Homogeneous-depth-five-lower-bounds-for-iterated-matrix-multiplication-September-25-2026/Homogeneous-depth-five-lower-bounds-for-iterated-matrix-multiplication-September-25-2026.pdf
136,Theoretical computer science,The quasilinear PCP-for-PPAD conjecture,1,,,preprints/The-PCP-for-PPAD-conjecture-a-quasilinear-reduction-September-25-2026/paper.pdf
137,Theoretical computer science,One-tape time simulation in two-fifths-power space,1,,,preprints/Simulating-One-Tape-Time-in-Two-Fifths-Power-Space-September-25-2026/article.pdf
138,Theoretical computer science,Subset Sum in $O(2^{0.49n})$ time,2,,,preprints/Subset-Sum-in-Time-2-power-0-49n-October-4-2026/subset-sum.pdf
139,Theoretical computer science,Subpolynomial queries for log-concave sampling,1,yes,,preprints/Subpolynomial-query-complexity-for-well-conditioned-log-concave-sampling-September-26-2026/article.pdf
140,Theoretical computer science,Memory–sample lower bounds for noiseless Gaussian regression,6,yes,,preprints/Memory-and-precision-in-noiseless-Gaussian-regression-September-27-2026/paper.pdf
141,Theoretical computer science,The existential theory of the reals and existential–universal sentences in the counting hierarchy,1,,,preprints/Existential-universal-real-sentences-in-the-counting-hierarchy-October-4-2026/etr-counting-hierarchy.pdf
142,Theoretical computer science,Deterministic polynomial factorization over prime fields,1,,,preprints/Deterministic-Polynomial-Factorization-over-Prime-Fields-October-4-2026/Deterministic-Polynomial-Factorization-over-Prime-Fields.pdf
143,Dynamical systems and ergodic theory,Uniform limit-cycle bounds in Hilbert's sixteenth problem,2,yes,,preprints/uniform-bounds-for-planar-polynomial-limit-cycles-September-24-2026/uniform-bounds-for-planar-polynomial-limit-cycles-September-24-2026.pdf
144,Dynamical systems and ergodic theory,Banach's simple Lebesgue-spectrum problem,1,yes,,preprints/A-smooth-three-torus-diffeomorphism-with-simple-Lebesgue-spectrum-September-23-2026/paper.pdf
145,Dynamical systems and ergodic theory,Rokhlin's multiple-mixing problem,1,yes,,preprints/Rokhlins-multiple-mixing-problem-for-one-transformation-September-23-2026/paper.pdf
146,Dynamical systems and ergodic theory,Sinai's positive-entropy conjecture for the standard map,1,yes,,preprints/Positive-Metric-Entropy-for-the-Standard-Map-at-Large-Parameters-September-23-2026/paper.pdf
147,Dynamical systems and ergodic theory,The near-boundary Birkhoff conjecture,2,,,preprints/Continuous-Phase-Foliations-Create-Analytic-Caustic-Collars-September-24-2026/paper.pdf
148,Dynamical systems and ergodic theory,The dimension formula for self-similar measures on the line,1,yes,,preprints/The-entropy-rate-dimension-formula-for-self-similar-measures-on-the-line-September-24-2026/main.pdf
149,Dynamical systems and ergodic theory,Permanence for weakly reversible reaction networks,2,yes,,preprints/Uniform-Permanence-in-Weakly-Reversible-Mass-Action-Systems-October-5-2026/permanence.pdf
150,Dynamical systems and ergodic theory,Weak mixing of irrational triangular billiards,2,yes,,preprints/Weak-mixing-of-triangular-billiards-with-an-irrational-angle-October-5-2026/weak-mixing-triangular-billiards.pdf
151,Dynamical systems and ergodic theory,A $C^1$ counterexample to Shub’s entropy conjecture,1,yes,,preprints/A-C1-Counterexample-to-the-Entropy-Conjecture-September-25-2026/article.pdf
152,Dynamical systems and ergodic theory,Zero entropy does not guarantee a smooth positive-volume model,1,yes,,preprints/A-finite-entropy-system-without-a-smooth-positive-volume-model-September-25-2026/paper.pdf
153,Dynamical systems and ergodic theory,Arithmetic classification of Bernoulli convolutions,1,,,preprints/Arithmetic-classification-and-non-Pisot-singularity-for-Bernoulli-convolutions-October-3-2026/paper.pdf
154,Dynamical systems and ergodic theory,Pointwise multiple ergodic averages for mixing transformations,4,,,preprints/Pointwise-Multiple-Ergodic-Averages-for-Mixing-Transformations-October-4-2026/multiple-ergodic-averages.pdf
155,Combinatorics,A counterexample to periodic tiling in dimension three,1,yes,,preprints/A-translational-tile-with-no-fully-periodic-tiling-in-dimension-three-September-23-2026/paper.pdf
156,Combinatorics,Borsuk's conjecture fails in dimension nine,1,yes,,preprints/A-nine-dimensional-counterexample-to-Borsuks-covering-assertion-September-23-2026/paper.pdf
157,Combinatorics,Counterexamples to the Hadwiger and Colin de Verdiere conjectures,3,yes,,preprints/A-counterexample-to-Hadwigers-conjecture-September-23-2026/paper.pdf
158,Combinatorics,The Euclidean plane cannot be colored with five colors,1,yes,,preprints/The-Euclidean-plane-is-not-five-colorable-September-23-2026/paper.pdf
159,Combinatorics,Erdős's reciprocal-sum conjecture and quasipolynomial Szemeredi bounds,1,yes,quasipolynomial-arithmetic-progressions.pdf,preprints/Quasipolynomial-Bounds-for-Arithmetic-Progressions-September-23-2026/paper.pdf
160,Combinatorics,Superexponential van der Waerden numbers,1,yes,,preprints/Quantitative-Superexponential-Bounds-for-van-der-Waerden-Numbers-September-23-2026/paper.pdf
161,Combinatorics,Counterexamples to Sidorenko's conjecture and the forcing conjecture,1,yes,,preprints/A-counterexample-to-Sidorenkos-conjecture-September-23-2026/paper.pdf
162,Combinatorics,Counterexamples to Ryser's covering and Gyarfas's tree-cover conjectures,2,yes,,preprints/Balanced-Counterexamples-to-Rysers-Conjecture-at-Prime-Orders-September-27-2026/paper.pdf
164,Combinatorics,Hindman's finite sums and products conjecture,1,,,preprints/Monochromatic-finite-sums-and-products-in-the-positive-integers-September-23-2026/paper.pdf
165,Combinatorics,Exact crossing numbers of complete and complete bipartite graphs,2,yes,,preprints/The-crossing-number-of-complete-graphs-September-23-2026/paper.pdf
166,Combinatorics,The higher-dimensional Erdős distinct-distances conjecture,1,,,preprints/The-higher-dimensional-Erdos-distinct-distances-conjecture-September-23-2026/paper.pdf
167,Combinatorics,Pinned distances and a power saving for planar unit distances,2,yes,,preprints/The-weak-pinned-planar-distance-theorem-September-23-2026/paper.pdf
168,Combinatorics,Combinatorial invariance of Kazhdan–Lusztig polynomials,1,yes,,preprints/Combinatorial-Invariance-of-Kazhdan-Lusztig-Polynomials-September-24-2026/paper.pdf
169,Combinatorics,The Shareshian–Wachs $e$-positivity conjecture,1,yes,,preprints/Elementary-Positivity-of-Chromatic-Quasisymmetric-Functions-September-24-2026/paper.pdf
170,Combinatorics,Sharp logarithmic exponents for off-diagonal Ramsey numbers,2,yes,,preprints/The-Sharp-Logarithmic-Exponent-of-r-5-t-September-24-2026/paper.pdf
171,Combinatorics,The hypercube Ramsey conjecture,1,,,preprints/The-hypercube-Ramsey-number-has-linear-order-September-23-2026/paper.pdf
172,Combinatorics,Classification of finite Euclidean Ramsey configurations,1,yes,,preprints/A-classification-of-finite-Euclidean-Ramsey-configurations-September-23-2026/paper.pdf
173,Combinatorics,Seymour's second-neighborhood conjecture,1,yes,,preprints/A-proof-of-Seymours-second-neighborhood-conjecture-September-23-2026/paper.pdf
174,Combinatorics,Deterministic construction of strong thin spanning trees,2,yes,,preprints/The-strong-thin-tree-conjecture-September-23-2026/paper.pdf
175,Combinatorics,Talagrand's conjectures and graph decompositions at expectation thresholds,3,yes,,preprints/Graph-Decompositions-at-the-Integral-Expectation-Threshold-October-5-2026/graph-threshold-decompositions.pdf
176,Combinatorics,The second Kahn–Kalai conjecture,1,yes,,preprints/The-second-Kahn-Kalai-conjecture-September-24-2026/paper.pdf
177,Combinatorics,Bounded-degree coboundary expanders in every dimension,1,yes,,preprints/Bounded-degree-coboundary-expanders-in-every-dimension-September-24-2026/paper.pdf
178,Combinatorics,Deterministic nonbipartite Ramanujan graphs in every fixed degree,1,,,preprints/Deterministic-nonbipartite-Ramanujan-graphs-in-every-fixed-degree-September-23-2026/paper.pdf
179,Combinatorics,The circulant Hadamard conjecture,1,yes,,preprints/The-circulant-Hadamard-conjecture-September-23-2026/paper.pdf
180,Combinatorics,Barnette's Hamiltonian-cycle conjecture,1,yes,,preprints/Paired-states-and-Hamiltonian-cycles-in-cubic-bipartite-planar-graphs-September-24-2026/paper.pdf
181,Combinatorics,The Erdős–Gallai cycle-decomposition conjecture,1,yes,,preprints/A-linear-cycle-and-edge-decomposition-of-every-graph-September-24-2026/main.pdf
182,Combinatorics,Power savings for polynomial-difference-free sets,3,yes,,preprints/A-power-saving-for-intersective-polynomial-differences-with-an-exponent-depending-only-on-the-degree-October-5-2026/power-saving-intersective-polynomial-differences.pdf
183,Combinatorics,Power savings for planar halving lines and $k$-sets,1,yes,,preprints/A-power-saving-for-planar-halving-lines-September-25-2026/main.pdf
184,Combinatorics,Coloring and independence in graphs with forbidden subgraphs,2,yes,,preprints/Correspondence-Coloring-Graphs-with-a-Forbidden-Clique-October-5-2026/correspondence-coloring-forbidden-clique.pdf
185,Combinatorics,Counterexamples to infinite matroid intersection and packing/covering,1,yes,,preprints/A-Counterexample-to-the-Infinite-Matroid-Packing-Covering-Conjecture-September-24-2026/paper.pdf
186,Combinatorics,The Friedgut–Kalai graph and hypergraph threshold conjectures,2,yes,,preprints/A-uniform-influence-bound-for-hypergraph-properties-October-5-2026/hypergraph-influences.pdf
187,Combinatorics,Snaky in 21 Maker moves,1,yes,,preprints/Snaky-in-21-Maker-moves-September-25-2026/article.pdf
188,Combinatorics,The sharp constant in random triangle removal,1,yes,,preprints/The-Sharp-Terminal-Leave-in-Random-Triangle-Removal-September-25-2026/The-Sharp-Terminal-Leave-in-Random-Triangle-Removal-September-25-2026.pdf
189,Combinatorics,Exact cycle–clique Ramsey numbers,1,yes,,preprints/Cycle-clique-Ramsey-numbers-September-25-2026/Cycle-clique-Ramsey-numbers-September-25-2026.pdf
190,Combinatorics,Polynomial removal fails for ordered binary matrices,1,yes,,preprints/Polynomial-removal-fails-for-ordered-binary-matrices-September-25-2026/paper.pdf
191,Combinatorics,A power improvement in the Heilbronn triangle problem,1,yes,,preprints/A-power-improvement-in-the-Heilbronn-triangle-lower-bound-September-25-2026/main.pdf
192,Combinatorics,A counterexample to the Gopalan–Servedio conjecture,1,yes,,preprints/Unbounded-Violations-of-the-Square-Root-Degree-Bound-September-26-2026/Unbounded-Violations-of-the-Square-Root-Degree-Bound-September-26-2026.pdf
193,Algebra,Serre's intersection-multiplicity conjecture,1,,,preprints/Positivity-of-Serres-Intersection-Multiplicity-September-23-2026/paper.pdf
194,Algebra,Lech's multiplicity conjecture,1,yes,,preprints/Lechs-multiplicity-conjecture-September-23-2026/paper.pdf
195,Algebra,A counterexample to the small Cohen–Macaulay module conjecture,1,,,preprints/A-Complete-Local-Domain-Without-a-Small-Cohen-Macaulay-Module-September-23-2026/paper.pdf
196,Algebra,A counterexample to Kaplansky's zero-divisor conjecture,1,yes,,preprints/A-Torsion-Free-Group-Algebra-with-Zero-Divisors-September-23-2026/paper.pdf
197,Algebra,Nonsofic groups and group-ring counterexamples,4,yes,kaplansky-direct-finiteness-characteristic-two.pdf,preprints/A-Torsion-Free-Group-Algebra-That-Is-Not-Directly-Finite-October-4-2026/direct-finiteness.pdf
198,Algebra,A counterexample to the little finitistic-dimension conjecture,1,yes,,preprints/An-algebra-of-infinite-little-finitistic-dimension-September-23-2026/paper.pdf
199,Algebra,"Counterexamples to conjectures of Auslander–Reiten, Tachikawa, and Nakayama",2,yes,,preprints/An-explicit-counterexample-to-the-Auslander-Reiten-conjecture-September-23-2026/paper.pdf
200,Algebra,Eisenbud–Green–Harris and lex-plus-powers in characteristic zero,2,,,preprints/The-Artinian-Lex-Plus-Powers-Betti-Theorem-September-23-2026/paper.pdf
201,Algebra,A counterexample to Kurosh's division-ring problem,1,,,preprints/A-Counterexample-to-Kuroshs-Division-Ring-Problem-September-23-2026/paper.pdf
202,Algebra,The blockwise Alperin weight conjecture,1,,,preprints/The-Blockwise-Alperin-Weight-Conjecture-September-23-2026/paper.pdf
203,Algebra,Donovan's conjecture over fields and discrete valuation rings,2,,,preprints/Donovans-Conjecture-over-Algebraic-Closures-of-Prime-Fields-September-24-2026/main.pdf
204,Algebra,Tensor saturation for even spin groups,1,,,preprints/Tensor-Saturation-for-Even-Spin-Groups-September-24-2026/Tensor-Saturation-for-Even-Spin-Groups-September-24-2026.pdf
205,Algebra,Saxl's conjecture and universal tensor squares,2,yes,,preprints/Universal-Tensor-Squares-for-Symmetric-Groups-September-24-2026/main.pdf
206,Algebra,Finite lattice representation: counterexamples and undecidability,2,yes,,preprints/Finite-Congruence-Lattices-Characterization-and-Undecidability-September-24-2026/paper.pdf
207,Algebra,The $\ell^1$-Bass and complex Bass trace conjectures,2,yes,,preprints/The-l1-Bass-Conjecture-for-Discrete-Groups-October-5-2026/l1-bass-conjecture.pdf
208,Algebra,The finite Benson–Etingof–Ostrik conjecture,1,,,preprints/Fiber-functors-for-finite-symmetric-tensor-categories-in-positive-characteristic-September-24-2026/paper.pdf
209,Algebra,Integral counterexamples to Gersten’s conjecture,2,,,preprints/An-Integral-Counterexample-to-Gerstens-Conjecture-September-25-2026/An-Integral-Counterexample-to-Gerstens-Conjecture-September-25-2026.pdf
210,Algebra,Foulkes’ conjecture for sixth powers and quadratic stabilization,2,yes,,preprints/Foulkes-Conjecture-for-the-Sixth-Symmetric-Power-September-25-2026/main.pdf
211,Probability and statistical mechanics,"Geometry, diffusion, and spectra of random planar maps",7,yes,,preprints/Random-Walks-on-Critical-FK-Ising-Maps-and-Liouville-Brownian-Motion-October-5-2026/fk-ising-walk-limit.pdf
212,Probability and statistical mechanics,No bigeodesics and smooth limit shapes in planar first-passage percolation,2,yes,,preprints/No-bigeodesics-in-planar-first-passage-percolation-September-24-2026/main.pdf
213,Probability and statistical mechanics,No infinite critical clusters on quasi-transitive graphs,2,yes,,preprints/Critical-bond-and-site-percolation-on-the-cubic-lattice-September-24-2026/paper.pdf
214,Probability and statistical mechanics,The Benjamini–Schramm nonuniqueness conjecture,1,yes,,preprints/Nonuniqueness-of-percolation-on-nonamenable-quasi-transitive-graphs-September-24-2026/paper.pdf
215,Probability and statistical mechanics,Massive continuum limits and exact mass asymptotics for planar $O(n)$ models,5,yes,,preprints/The-canonical-massive-continuum-limit-of-the-two-dimensional-O3-model-October-4-2026/massive-continuum-o3.pdf
216,Probability and statistical mechanics,Critical logarithmic corrections and BKT scaling for the planar XY model,6,,,preprints/The-critical-logarithmic-correction-for-the-planar-XY-model-October-5-2026/paper.pdf
217,Probability and statistical mechanics,The low-temperature Sherrington–Kirkpatrick fluctuation law,2,,,preprints/The-low-temperature-Sherrington-Kirkpatrick-free-energy-limiting-law-September-24-2026/The-low-temperature-Sherrington-Kirkpatrick-free-energy-limiting-law-September-24-2026.pdf
218,Probability and statistical mechanics,Conformal universality for weakly interacting and disordered Ising models,6,yes,,preprints/Quenched-SLE3-limits-for-general-weak-random-bond-Ising-models-October-5-2026/general-weak-random-bond-ising.pdf
219,Probability and statistical mechanics,GOE universality for random regular graphs with weak disorder,2,,,preprints/Fixed-energy-universality-for-weak-Anderson-disorder-on-random-regular-graphs-October-5-2026/fixed-energy-universality-weak-anderson-disorder-random-regular-graphs.pdf
220,Probability and statistical mechanics,Directional zero–one laws and ballisticity in random environments,3,yes,,preprints/A-directional-zero-one-law-for-finite-range-dependent-random-environments-October-5-2026/directional-zero-one-finite-range.pdf
221,Probability and statistical mechanics,The Mezard–Parisi formula for diluted spin glasses,1,yes,mezard-parisi-formula.pdf,preprints/The-Mezard-Parisi-formula-for-diluted-spin-glasses-September-23-2026/paper.pdf
222,Probability and statistical mechanics,Perceptron free energies and microscopic jamming,4,yes,,preprints/The-free-energy-of-the-Ising-random-perceptron-September-24-2026/The-free-energy-of-the-Ising-random-perceptron-September-24-2026.pdf
223,Probability and statistical mechanics,Conformal limits of square-lattice random-cluster interfaces,6,,,preprints/Square-lattice-FK-interfaces-and-nested-loops-for-1-leq-q-lt-4-September-23-2026/paper.pdf
224,Probability and statistical mechanics,Critical and near-critical universality for Voronoi percolation,3,,,preprints/From-critical-crossings-to-quenched-near-critical-universality-in-Voronoi-percolation-October-5-2026/critical-crossings-quenched-near-critical-universality-voronoi-percolation.pdf
225,Probability and statistical mechanics,Gaussian free field limits for the balanced six-vertex model,1,,,preprints/The-Gaussian-free-field-limit-of-the-balanced-six-vertex-model-with-variance-multiplier-1-over-arcsin-c-over-2-September-23-2026/The-Gaussian-free-field-limit-of-the-balanced-six-vertex-model-with-variance-multiplier-1-over-arcsin-c-over-2-September-23-2026.pdf
226,Probability and statistical mechanics,The double-dimer $CLE_4$ conjecture in the half-plane,1,,,preprints/The-curve-scaling-limit-of-half-plane-double-dimers-September-23-2026/paper.pdf
227,Probability and statistical mechanics,The dynamical phase transition in the Sherrington–Kirkpatrick model,8,yes,,preprints/Universality-of-critical-quench-autocorrelations-in-the-Sherrington-Kirkpatrick-model-October-5-2026/main.pdf
228,Probability and statistical mechanics,Continuum phase transitions for radial pair potentials,2,yes,,preprints/A-continuum-temperature-singularity-for-a-radial-pair-potential-September-24-2026/paper.pdf
229,Probability and statistical mechanics,Sharp three- and four-state reconstruction thresholds,3,yes,,preprints/The-Reconstruction-Threshold-for-the-Ferromagnetic-Four-State-Potts-Model-October-5-2026/four-state-potts.pdf
230,Probability and statistical mechanics,Exact Hausdorff measure for SLE,2,yes,,preprints/An-exact-Hausdorff-gauge-for-SLE-September-25-2026/An-exact-Hausdorff-gauge-for-SLE-September-25-2026.pdf
231,Probability and statistical mechanics,The free uniform spanning forest is a factor of IID,1,yes,,preprints/The-free-uniform-spanning-forest-is-a-factor-of-IID-September-25-2026/The-free-uniform-spanning-forest-is-a-factor-of-IID-September-25-2026.pdf
232,Probability and statistical mechanics,Gaussian fields and SLE interfaces for Lipschitz heights,3,,,preprints/Gaussian-free-field-limits-of-weighted-integer-Lipschitz-heights-September-25-2026/paper.pdf
233,Probability and statistical mechanics,The joint critical Ashkin–Teller scaling limit,1,,,preprints/The-joint-scaling-limit-of-critical-Ashkin-Teller-currents-September-25-2026/main.pdf
234,Probability and statistical mechanics,All-temperature pressure for orthogonally invariant Ising spin glasses,1,yes,,preprints/All-temperature-pressure-for-orthogonally-invariant-Ising-spin-glasses-September-25-2026/paper.pdf
235,Probability and statistical mechanics,"Random-SAT thresholds, sharp variance and computability",4,yes,,preprints/A-Limiting-Satisfiability-Threshold-for-Every-Fixed-Clause-Size-September-25-2026/article.pdf
236,Probability and statistical mechanics,The factor-of-IID threshold for free Ising states on trees,1,yes,,preprints/The-sharp-factor-of-IID-threshold-for-the-free-Ising-model-on-regular-trees-September-26-2026/article.pdf
237,Probability and statistical mechanics,The three-quarter diameter exponent for honeycomb walks,13,yes,,preprints/Radial-transfer-estimates-and-polygon-length-laws-for-honeycomb-walks-September-26-2026/main.pdf
238,Probability and statistical mechanics,Optimal logarithmic mixing of the Thorp shuffle,12,yes,,preprints/Optimal-order-mixing-of-the-Thorp-shuffle-September-26-2026/paper.pdf
239,Probability and statistical mechanics,Sharp singularity rates for symmetric sign matrices,2,,,preprints/The-sharp-exponential-rate-of-singularity-for-symmetric-Bernoulli-matrices-October-3-2026/symmetric-bernoulli-singularity.pdf
240,Mathematical logic,Shelah's eventual categoricity conjecture,2,yes,,preprints/A-CH-Obstruction-to-a-Prescribed-Categoricity-Threshold-September-24-2026/paper.pdf
241,Mathematical logic,Rigidity of the Turing degrees,1,yes,,preprints/Rigidity-of-the-Turing-degrees-September-24-2026/paper.pdf
242,Mathematical logic,Single-fold Diophantine representations,1,yes,,preprints/Single-fold-Diophantine-representations-September-24-2026/paper.pdf
243,Mathematical logic,Choiceless counting does not capture polynomial time,2,yes,,preprints/Choiceless-polynomial-time-with-counting-does-not-capture-polynomial-time-September-23-2026/paper.pdf
244,Mathematical logic,The partition principle does not imply choice,1,yes,,preprints/The-Partition-Principle-does-not-imply-Choice-September-24-2026/partition-principle-without-choice.pdf
245,Mathematical logic,The $\beta$-Barendregt–Geuvers–Klop conjecture,1,yes,,preprints/Weak-and-strong-normalization-in-pure-type-systems-September-25-2026/paper.pdf
246,Group theory,Cannon's conjecture,1,yes,,preprints/A-Modulus-Proof-of-Cannons-Conjecture-September-23-2026/paper.pdf
247,Group theory,An infinite finitely presented residually finite $2$-group,2,yes,,preprints/An-infinite-finitely-presented-residually-finite-2-group-October-5-2026/residually-finite-torsion.pdf
248,Group theory,Thompson's group $F$ is nonamenable,1,yes,,preprints/Thompsons-group-F-is-nonamenable-September-23-2026/paper.pdf
249,Group theory,A finitely generated counterexample to Eilenberg–Ganea,1,yes,,preprints/A-finitely-generated-counterexample-to-the-Eilenberg-Ganea-conjecture-September-23-2026/paper.pdf
250,Group theory,The Boone–Higman conjecture and higher finiteness,3,yes,,preprints/Finite-algebraic-envelopes-and-the-Boone-Higman-conjecture-September-23-2026/paper.pdf
251,Group theory,"Amenability, unitarizability, and Ulam stability",2,yes,,preprints/Unitarizability-Implies-Amenability-for-Countable-Groups-September-23-2026/paper.pdf
252,Group theory,A non-residually-finite torsion-free hyperbolic group,1,yes,,preprints/a-torsion-free-hyperbolic-group-that-is-not-residually-finite-September-23-2026/paper.pdf
253,Group theory,An infinite finitely presented simple amenable group,1,yes,,preprints/An-Infinite-Finitely-Presented-Simple-Amenable-Group-September-23-2026/paper.pdf
254,Group theory,Classifying spaces and geometric obstructions for Artin groups,3,yes,,preprints/Harmonic-heights-and-the-Artin-K-pi-1-conjecture-September-23-2026/paper.pdf
255,Group theory,Quasi-isometric rigidity of virtually polycyclic groups,1,yes,,preprints/quasi-isometric-recognition-of-virtually-polycyclic-groups-September-24-2026/paper.pdf
256,Group theory,Howie's conjecture on equations over groups,2,yes,,preprints/Nonsingular-systems-of-equations-over-arbitrary-groups-October-5-2026/nonsingular-systems-over-arbitrary-groups.pdf
257,Group theory,A hyperbolic group with no geometric CAT(0) action,1,yes,,preprints/A-hyperbolic-group-with-no-geometric-CAT0-action-September-25-2026/paper.pdf
258,Group theory,Gersten's conjecture for one-relator groups,2,,,preprints/Baumslag-Solitar-free-one-relator-groups-are-hyperbolic-September-25-2026/paper.pdf
259,Group theory,A group without fixed price,1,,,preprints/A-group-without-fixed-price-October-5-2026/unequal-costs-rank-100-amalgam.pdf
260,Mathematical physics,Spacetime Penrose inequalities and rigidity,13,yes,,preprints/The-spacetime-Penrose-inequality-with-charge-and-original-data-rigidity-October-5-2026/paper.pdf
261,Mathematical physics,Localization and delocalization in the Anderson model,2,yes,,preprints/Absolutely-Continuous-Spectrum-for-Weak-Disorder-Anderson-Models-in-Dimensions-at-Least-Three-September-23-2026/paper.pdf
262,Mathematical physics,Sharp one-dimensional Lieb–Thirring inequalities,3,yes,,preprints/Equality-cases-in-the-sharp-one-dimensional-matrix-Lieb-Thirring-inequality-October-5-2026/sharp-one-dimensional-lieb-thirring-inequalities-matrix-potentials.pdf
263,Mathematical physics,The ionization and generalized ionization conjectures,3,yes,,preprints/Uniform-excess-charge-for-Coulomb-molecules-and-the-outer-radius-of-neutral-atoms-September-24-2026/paper.pdf
264,Mathematical physics,Strong cosmic censorship near two-ended Kerr data,3,,,preprints/Generic-Future-Inextendibility-with-Square-Integrable-Connection-Near-a-Fixed-Kerr-Spacetime-September-23-2026/paper.pdf
265,Mathematical physics,The two-dimensional gapped area law,2,,,preprints/A-two-dimensional-area-law-from-a-global-spectral-gap-September-24-2026/paper.pdf
266,Mathematical physics,Exactly three mutually unbiased bases in dimension six,2,yes,,preprints/The-maximum-number-of-mutually-unbiased-bases-in-dimension-six-September-24-2026/The-maximum-number-of-mutually-unbiased-bases-in-dimension-six-September-24-2026.pdf
267,Mathematical physics,Positive-temperature Bose–Einstein condensation and quantum depletion,5,yes,,preprints/Bose-Einstein-condensation-at-positive-temperature-in-the-dilute-hard-sphere-gas-October-5-2026/positive-temperature-hard-spheres.pdf
268,Mathematical physics,The spin-one Haldane gap,2,,,preprints/The-periodic-spin-one-Haldane-gap-September-24-2026/paper.pdf
269,Mathematical physics,The Laughlin gap and stability under scalar disorder,2,yes,,preprints/Uniform-Stability-of-the-Spherical-Laughlin-Gap-October-5-2026/uniform-stability-spherical-laughlin-gap.pdf
270,Mathematical physics,Threshold and positive-energy bound states of the BFSS model,2,,,preprints/The-unique-threshold-bound-state-of-the-SU-N-BFSS-model-September-24-2026/paper.pdf
271,Mathematical physics,Bloch's law and spontaneous ferromagnetic order,4,yes,spontaneous-magnetization-quantum-heisenberg-ferromagnet.pdf,preprints/Blochs-Law-for-Finite-Range-Heisenberg-Ferromagnets-in-Three-Dimensions-October-5-2026/bloch-law-heisenberg.pdf
272,Mathematical physics,Entanglement without secret key and the PPT-square conjecture,1,yes,,preprints/Entanglement-with-zero-distillable-secret-key-in-local-dimension-ten-September-27-2026/paper.pdf
273,Mathematical physics,The entropy photon-number inequality,1,yes,,preprints/The-entropy-photon-number-inequality-September-24-2026/paper.pdf
274,Mathematical physics,Moore's parity conjecture for $QAC^0$,2,yes,,preprints/Product-projection-localization-and-the-QAC0-parity-lower-bound-September-24-2026/paper.pdf
275,Mathematical physics,QMA-hardness of continuum Coulomb energy,2,yes,,preprints/Continuum-Coulomb-hardness-with-binary-nuclear-charges-September-24-2026/Continuum-Coulomb-hardness-with-binary-nuclear-charges-September-24-2026.pdf
276,Mathematical physics,The classical capacity of generalized amplitude damping,1,yes,,preprints/Classical-capacity-and-entropy-inequalities-for-generalized-amplitude-damping-September-24-2026/paper.pdf
277,Mathematical physics,Threshold repetition for entangled games,1,yes,,preprints/Threshold-parallel-repetition-for-finite-dimensional-entangled-games-September-25-2026/paper.pdf
278,Mathematical physics,Failure of Kohn–Sham ensemble representation,1,,,preprints/A-Coulomb-Ground-State-Density-without-Kohn-Sham-Ensemble-Representation-September-25-2026/paper.pdf
279,Mathematical physics,Exact quantum factoring over a fixed finite gate set,1,yes,,preprints/Exact-quantum-factoring-over-a-fixed-finite-gate-set-September-25-2026/main.pdf
280,Mathematical physics,Strong locality for strongly rational unitary vertex operator algebras,1,yes,,preprints/Strongly-rational-unitary-vertex-operator-algebras-and-conformal-nets-September-25-2026/paper.pdf
281,Mathematical physics,QAOA optimality for the SK model,2,yes,,preprints/QAOA-attains-the-SK-ground-state-energy-in-the-thermodynamic-first-limit-September-25-2026/QAOA-attains-the-SK-ground-state-energy-in-the-thermodynamic-first-limit-September-25-2026.pdf
282,Mathematical physics,Scale-to-conformal enhancement in four-dimensional QFT,1,,,preprints/Scale-and-conformal-symmetry-in-four-dimensional-operational-quantum-field-theory-September-26-2026/main.pdf
283,Mathematical physics,"Polynomial-time, constant-error unitary synthesis from a Boolean oracle",1,,,preprints/Polynomial-Time-Unitary-Synthesis-from-a-Boolean-Oracle-October-5-2026/paper.pdf
284,Mathematical physics,The optimal randomized–quantum query exponent,1,,,preprints/A-Nearly-Quartic-Separation-Between-Randomized-and-Quantum-Query-Complexity-October-5-2026/quartic-query-separation.pdf
285,Operator algebras,Counterexamples to Baum–Connes and Kadison–Kaplansky,3,,,preprints/A-Torsion-Free-Counterexample-to-Reduced-Baum-Connes-Injectivity-September-23-2026/paper.pdf
286,Operator algebras,Arithmetic rigidity of lattice von Neumann algebras,2,,,preprints/Arithmeticity-of-twisted-finite-correspondences-for-lattices-over-local-fields-September-23-2026/paper.pdf
287,Operator algebras,All nonabelian free group factors are isomorphic,1,yes,free-group-factor-isomorphism.pdf,preprints/An-isomorphism-of-the-free-group-factors-September-23-2026/An-isomorphism-of-the-free-group-factors-September-23-2026.pdf
288,Operator algebras,Kadison's similarity conjecture,1,yes,,preprints/Kadisons-similarity-theorem-through-uniform-derivation-estimates-September-23-2026/paper.pdf
289,Operator algebras,The strong Kadison–Kastler conjecture,3,yes,,preprints/Universal-strong-Kadison-Kastler-stability-September-23-2026/paper.pdf
290,Operator algebras,Connes' bicentralizer conjecture and relative bicentralizers,2,yes,,preprints/Expected-amenable-subalgebras-preserving-core-commutants-September-23-2026/Expected-amenable-subalgebras-preserving-core-commutants-September-23-2026.pdf
291,Operator algebras,Toms–Winter and equivariant Jiang–Su stability,4,yes,,preprints/Equivariant-Jiang-Su-Stability-for-Amenable-Actions-in-the-Unital-Stably-Finite-Case-October-5-2026/paper.pdf
292,Operator algebras,A counterexample to Kirchberg's norm-ultrapower embedding problem,1,yes,,preprints/An-explicit-obstruction-to-nuclear-norm-ultrapower-embeddings-September-23-2026/paper.pdf
293,Operator algebras,A counterexample to the hyperinvariant-subspace problem,2,yes,,preprints/Invariant-projection-counterexamples-for-every-irrational-rotation-September-27-2026/paper.pdf
294,Operator algebras,A counterexample to Kaplansky's quasitrace conjecture,1,yes,,preprints/A-counterexample-to-Kaplanskys-quasitrace-conjecture-September-23-2026/paper.pdf
295,Operator algebras,The Kadison–Ringrose cohomology conjecture,1,yes,,preprints/Vanishing-of-higher-bounded-Hochschild-cohomology-September-23-2026/paper.pdf
296,Operator algebras,The generator problem for finite factors,1,yes,,preprints/Relative-generation-and-the-generator-problem-for-finite-factors-September-23-2026/paper.pdf
297,Operator algebras,A ZFC counterexample to Naimark's problem,1,yes,,preprints/A-counterexample-to-Naimarks-problem-in-ZFC-September-24-2026/naimark-counterexample-zfc.pdf
298,Operator algebras,A counterexample to Voiculescu’s free-entropy equality conjecture,1,yes,,preprints/A-finite-entropy-separation-of-microstates-and-nonmicrostates-free-entropy-September-25-2026/paper.pdf
299,Operator algebras,The Kirchberg–R\o rdam character criterion,1,yes,,preprints/The-Kirchberg-Rordam-character-criterion-September-25-2026/paper.pdf
300,Operator algebras,The Popa–Vaes quadratic strong-operator paving conjecture,2,,,preprints/Approximation-Paving-over-Arbitrary-Maximal-Abelian-Subalgebras-September-25-2026/Approximation-Paving-over-Arbitrary-Maximal-Abelian-Subalgebras-September-25-2026.pdf
301,Operator algebras,Classification by trace cones after Razak–Jacelon stabilization,1,,,preprints/The-trace-cone-classifies-Razak-Jacelon-stabilizations-September-25-2026/The-trace-cone-classifies-Razak-Jacelon-stabilizations-September-25-2026.pdf
302,Operator algebras,The Phillips–Toms formula for minimal integer actions,2,,,preprints/Filtered-products-and-boundary-preserving-compression-in-complex-cobordism-September-25-2026/paper.pdf
303,Operator algebras,From ordinary to strong pure infiniteness,1,yes,,preprints/Weak-pure-infiniteness-and-O-infinity-absorption-September-25-2026/paper.pdf
304,Topology,The Hilbert–Smith conjecture in every dimension,1,,,preprints/The-Hilbert-Smith-conjecture-in-every-finite-dimension-September-23-2026/paper.pdf
305,Topology,Counterexamples to disk embedding and Wall's manifold conjecture,3,,,preprints/A-boundary-only-obstruction-to-four-dimensional-disk-embedding-September-24-2026/paper.pdf
306,Topology,The purely cosmetic surgery conjecture for knots in $S^3$,1,,,preprints/Purely-Cosmetic-Surgery-on-Knots-in-the-Three-Sphere-September-23-2026/paper.pdf
307,Topology,Failure of rational injectivity for maximal coarse assembly,2,yes,,preprints/Failure-of-rational-injectivity-for-maximal-coarse-assembly-October-5-2026/paper.pdf
308,Topology,Smith–Toda complexes at every height with varying primes,2,,,preprints/Finite-Smith-Toda-Complexes-at-Varying-Primes-September-23-2026/paper.pdf
309,Topology,The Kervaire invariant problem at the prime three,1,,,preprints/The-Kervaire-Invariant-Problem-at-the-Prime-Three-September-24-2026/paper.pdf
310,Topology,Quillen's conjecture in rational homology,1,,,preprints/Rational-homology-and-Quillens-conjecture-September-24-2026/paper.pdf
311,Topology,Chai's invariant-ideal conjecture,1,,,preprints/Stabilizer-Orbits-and-Thick-Tensor-Ideals-of-Dualizable-Kn-Local-Spectra-September-24-2026/paper.pdf
312,Topology,The Grothendieck homotopy hypothesis,1,yes,,preprints/The-Grothendieck-homotopy-hypothesis-via-elementary-expansions-September-24-2026/paper.pdf
313,Topology,Finite generation for the $K(n)$-local sphere,1,,,preprints/Finite-generation-for-the-Kn-local-sphere-September-24-2026/Finite-generation-for-the-Kn-local-sphere-September-24-2026.pdf
314,Topology,The chromatic Smith fixed-point problem for finite $p$-groups,1,,,preprints/Cyclic-Length-and-Chromatic-Fixed-Point-Loss-September-24-2026/Cyclic-Length-and-Chromatic-Fixed-Point-Loss-September-24-2026.pdf
315,Topology,The four-dimensional Singer conjecture,1,,,preprints/The-Singer-conjecture-in-dimension-four-September-25-2026/paper.pdf
316,Topology,Curtis’s conjecture,1,,,preprints/The-Stable-Hurewicz-Image-of-the-Sphere-at-Two-September-25-2026/paper.pdf
317,Topology,Thomason model structures in every strict higher dimension,1,yes,,preprints/Thomason-Model-Structures-in-Every-Strict-Higher-Dimension-September-25-2026/paper.pdf
318,Topology,Chromatic splitting: counterexamples and filtrations,5,,,preprints/Filtered-chromatic-splitting-at-generic-primes-September-25-2026/paper.pdf
319,Topology,Counterexamples to the Hahn–Wilson conjecture at height two,1,,,preprints/Counterexamples-to-the-Hahn-Wilson-conjecture-at-height-two-September-26-2026/paper.pdf
320,Topology,A four-dimensional counterexample to Borel rigidity,1,,,preprints/Nonhomeomorphic-closed-aspherical-four-manifolds-with-the-same-homotopy-type-October-4-2026/paper.pdf
321,Topology,A counterexample to Wall's finite D(2) conjecture,1,,,preprints/A-Counterexample-to-Walls-D2-Problem-October-6-2026/wall-d2-counterexample.pdf
322,Functional analysis,Tingley's sphere-isometry problem,1,yes,,preprints/A-positive-solution-to-Tingleys-problem-September-23-2026/paper.pdf
323,Functional analysis,Relative independence of the separable quotient problem,1,yes,,preprints/Relative-independence-of-the-separable-quotient-problem-September-23-2026/paper.pdf
324,Functional analysis,Lipschitz equivalence without linear isomorphism,2,yes,,preprints/Lipschitz-Equivalent-Separable-Banach-Spaces-Need-Not-Be-Linearly-Isomorphic-September-24-2026/paper.pdf
325,Functional analysis,The complete Crouzeix conjecture,2,yes,,preprints/A-direct-proof-of-the-complete-Crouzeix-inequality-September-26-2026/paper.pdf
326,Functional analysis,The cotype–cotype conjecture under the approximation property,1,yes,,preprints/The-cotype-cotype-conjecture-under-the-approximation-property-September-23-2026/paper.pdf
327,Functional analysis,Markov type characterizes superreflexivity,1,yes,,preprints/Nontrivial-Markov-Type-Forces-Superreflexivity-September-23-2026/paper.pdf
328,Functional analysis,Fixed points of nonexpansive maps in reflexive Banach spaces,1,yes,,preprints/Fixed-Points-of-Nonexpansive-Maps-in-Reflexive-Banach-Spaces-September-24-2026/paper.pdf
329,Functional analysis,A counterexample to Pietsch's metric-entropy duality conjecture,1,yes,,preprints/Counterexamples-to-the-duality-conjecture-for-metric-entropy-September-24-2026/main.pdf
330,Functional analysis,A negative answer to Kalton's Lipschitz-free approximation question,1,yes,,preprints/Failure-of-Bounded-Approximation-in-a-Lipschitz-Free-Space-over-a-Uniformly-Discrete-Metric-Space-September-26-2026/main.pdf
331,Functional analysis,Asymptotic midpoint uniform convexity without asymptotically uniformly convex renorming,7,yes,,preprints/Asymptotic-midpoint-uniform-convexity-and-unbounded-diamond-distortion-in-a-reflexive-tree-space-September-27-2026/manuscript.pdf
332,Functional analysis,Metric Markov cotype two for $\ell_1$,1,,,preprints/Metric-Markov-Cotype-Two-of-l1-October-5-2026/l1-markov-cotype.pdf
333,Differential geometry,Smooth isometric immersions of surfaces into $\mathbb R^4$,1,yes,,preprints/Smooth-isometric-immersions-of-closed-surfaces-into-Euclidean-four-space-September-23-2026/paper.pdf
334,Differential geometry,A smooth surface metric with no local immersion in $\mathbb R^3$,1,yes,,preprints/A-Smooth-Metric-with-No-Local-Isometric-Immersion-into-Three-Space-September-24-2026/paper.pdf
335,Differential geometry,Gromov's integral scalar-curvature inequality,2,,,preprints/An-integral-scalar-curvature-bound-for-real-simplicial-volume-October-5-2026/v126-proof.pdf
336,Differential geometry,Spectral scalar curvature and codimension-two width,3,,,preprints/Spectral-scalar-curvature-and-uniform-Urysohn-width-October-5-2026/main.pdf
337,Differential geometry,Cartan–Hadamard isoperimetry and CAT$(0)$ fillings,2,yes,,preprints/Generalized-Cartan-Hadamard-isoperimetry-and-Euclidean-equality-rigidity-September-23-2026/paper.pdf
338,Differential geometry,Yau's uniformization conjecture,1,,,preprints/Uniformization-of-complete-Kahler-manifolds-with-positive-bisectional-curvature-September-23-2026/paper.pdf
339,Differential geometry,Katok's entropy rigidity conjecture,1,,,preprints/Entropy-equality-and-local-symmetry-in-negative-curvature-September-23-2026/paper.pdf
340,Differential geometry,A counterexample to the nearby Lagrangian conjecture,1,,,preprints/A-counterexample-to-the-nearby-Lagrangian-conjecture-September-23-2026/paper.pdf
341,Differential geometry,Donaldson's hypersymplectic deformation conjecture,1,,,preprints/Deforming-hypersymplectic-four-manifolds-to-hyperkahler-triples-September-23-2026/paper.pdf
342,Differential geometry,Donaldson's tamed-to-compatible conjecture,1,yes,,preprints/Taming-implies-compatibility-on-four-manifolds-September-23-2026/paper.pdf
343,Differential geometry,Sharp symplectic ball-packing criteria in higher dimensions,1,yes,,preprints/Symplectic-Ball-Packings-in-Higher-Dimensions-September-23-2026/paper.pdf
344,Differential geometry,The metric Blaschke conjecture,1,,,preprints/The-metric-Blaschke-theorem-September-23-2026/paper.pdf
345,Differential geometry,Infinitely many closed geodesics on spheres and three-manifolds,1,,,preprints/Infinitely-many-closed-geodesic-images-on-every-Riemannian-sphere-September-24-2026/paper.pdf
346,Differential geometry,Sharp singular-set bounds for stationary integral varifolds,2,,,preprints/A-Codimension-One-Bound-for-the-Singular-Set-of-a-Stationary-Integral-Varifold-October-5-2026/varifold-singular-dimension.pdf
347,Differential geometry,Counterexamples to strong forms of Arnold's fixed-point conjecture,5,yes,,preprints/Hamiltonian-Fixed-Points-Below-the-Stable-Morse-Number-in-Dimension-Twenty-Two-October-5-2026/hamiltonian-fixed-points-below-stable-morse-number.pdf
348,Differential geometry,Nonnegatively curved Einstein four-manifolds and a topological gap,3,yes,,preprints/Zero-Plane-Rigidity-for-Einstein-Four-Manifolds-October-4-2026/einstein-boundary.pdf
349,Differential geometry,The Solomon–Yau least-volume conjecture,1,,,preprints/The-Solomon-Yau-least-volume-theorem-September-23-2026/paper.pdf
350,Differential geometry,Yau's nodal conjecture: surfaces and counterexamples,3,yes,,preprints/Sharp-nodal-length-on-smooth-surfaces-September-23-2026/paper.pdf
351,Differential geometry,Scalar curvature detects four-dimensional Ricci-flow singularities,3,,,preprints/A-closed-Ricci-flow-with-bounded-scalar-curvature-and-finite-time-curvature-blowup-September-24-2026/paper.pdf
352,Differential geometry,Finite-time singularity of Calabi flow,1,,,preprints/A-finite-time-singularity-of-Calabi-flow-on-projective-space-September-24-2026/paper.pdf
353,Differential geometry,The sharp dimension threshold for affine Bernstein rigidity,2,yes,,preprints/Smooth-Nonquadratic-Affine-Maximal-Graph-in-Dimension-Ten-October-5-2026/affine-maximal-dimension-ten.pdf
354,Differential geometry,Isoperimetric regions in the cubic three-torus,1,yes,,preprints/The-Isoperimetric-Conjecture-for-the-Cubic-Flat-Three-Torus-September-24-2026/article.pdf
355,Differential geometry,Unique tangent flows at the first surface singularity,1,,,preprints/Tangent-flow-uniqueness-2026-09-24/paper.pdf
356,Differential geometry,Gigli's characterization of Alexandrov curvature,2,yes,,preprints/Giglis-distributional-curvature-characterization-of-Alexandrov-spaces-September-24-2026/main.pdf
357,Differential geometry,Bi-Lipschitz coordinates at every regular RCD point,1,,,preprints/Bi-Lipschitz-Coordinates-at-Regular-Points-of-Noncollapsed-RCD-Spaces-September-25-2026/paper.pdf
358,Differential geometry,A three-manifold with no conjugate points and no nonpositively curved metric,1,yes,,preprints/A-Three-Manifold-Without-Conjugate-Points-and-Without-a-Nonpositively-Curved-Metric-September-24-2026/paper.pdf
359,Differential geometry,Negative Kahler curvature without bounded holomorphic coordinates,2,yes,,preprints/A-negatively-pinched-Kahler-threefold-without-bounded-holomorphic-coordinates-September-25-2026/paper.pdf
360,Differential geometry,Villani’s convexity conjecture and regular optimal transport,2,yes,,preprints/Global-Support-and-Convex-Injectivity-Domains-under-Weak-MTW-September-25-2026/paper.pdf
361,Differential geometry,Counterexamples to Yau's harmonic dimension bound,2,yes,,preprints/A-counterexample-to-integer-degree-harmonic-dimension-comparison-September-25-2026/paper.pdf
362,Partial differential equations,Global smoothness for relativistic Vlasov–Maxwell,1,yes,relativistic-vlasov-maxwell.pdf,preprints/Global-classical-solutions-of-the-three-dimensional-relativistic-Vlasov-Maxwell-system-September-23-2026/paper.pdf
363,Partial differential equations,Boltzmann nonuniqueness with exact local conservation,2,yes,,preprints/Nonuniqueness-with-local-conservation-for-the-hard-sphere-Boltzmann-equation-October-5-2026/paper.pdf
364,Partial differential equations,Kinetic limits and fluctuations over the Boltzmann lifespan,2,,,preprints/The-Boltzmann-Grad-limit-for-stable-radial-potentials-on-regular-kinetic-intervals-September-23-2026/paper.pdf
365,Partial differential equations,Joint metric and connection recovery from one boundary patch,3,yes,,preprints/Determination-of-a-metric-and-a-unitary-connection-from-one-boundary-patch-October-5-2026/paper.pdf
366,Partial differential equations,The planar Mumford–Shah regularity conjecture,1,,,preprints/Interior-regularity-of-planar-Mumford-Shah-minimizers-September-24-2026/Interior-regularity-of-planar-Mumford-Shah-minimizers-September-24-2026.pdf
367,Partial differential equations,The critical dimension for the one-phase Bernoulli problem,1,yes,,preprints/The-critical-dimension-for-one-phase-Bernoulli-minimizers-September-24-2026/The-critical-dimension-for-one-phase-Bernoulli-minimizers-September-24-2026.pdf
368,Partial differential equations,The three-dimensional Ball–Evans approximation problem,2,,,preprints/Strong-diffeomorphic-approximation-in-three-dimensions-for-1-le-p-le-2-September-24-2026/main.pdf
369,Partial differential equations,The hot spots conjecture for simply connected planar domains,1,yes,,preprints/Strict-hot-spots-and-absence-of-interior-critical-points-on-smooth-simply-connected-planar-domains-September-24-2026/main.pdf
370,Partial differential equations,The subcritical Lane–Emden and Henon–Lane–Emden conjectures,1,yes,,preprints/The-Subcritical-Henon-Lane-Emden-Conjecture-September-24-2026/paper.pdf
371,Partial differential equations,Stable blowup for a defocusing Schrodinger equation,1,yes,,preprints/Stable-Self-Similar-Blowup-for-a-Supercritical-Defocusing-Schrodinger-Equation-on-the-Torus-September-24-2026/paper.pdf
372,Partial differential equations,Global uniqueness in smooth isotropic elasticity,1,yes,,preprints/Global-Uniqueness-for-the-Smooth-Isotropic-Elasticity-Inverse-Problem-September-24-2026/article.pdf
373,Partial differential equations,Nonattainment in three-marginal Coulomb transport,1,yes,,preprints/A-counterexample-to-the-Monge-ansatz-for-the-three-marginal-Coulomb-cost-September-25-2026/paper.pdf
374,Partial differential equations,Sharp one-third stability of optimal transport maps,1,yes,,preprints/Sharp-One-Third-Stability-of-Brenier-Maps-September-25-2026/article.pdf
375,Partial differential equations,De Giorgi's conjecture in dimension eight,1,,,preprints/De-Giorgis-conjecture-in-dimension-eight-September-26-2026/article.pdf
376,Partial differential equations,Universal computation in forced Navier–Stokes flows,9,yes,,preprints/Finite-Instructions-and-Solenoidal-Shear-Flows-September-27-2026/manuscript.pdf
377,Partial differential equations,"Interior $C^{1,\alpha}$ regularity for infinity-harmonic functions",1,,,preprints/Uniform-Interior-C1alpha-Estimates-for-Infinity-Harmonic-Functions-October-4-2026/interior-c1-infinity-harmonic.pdf
