family,status,priority,notes
001,unread,2,Headline NT result; no Lean
002,unread,2,Full BSD for Selmer corank ≤1; no Lean
003,unread,1,Quasi-RH 7/8 — first Comparator run candidate
004,unread,2,Hilbert's tenth over Q; no Lean
007,unread,1,Has reasoning trace
017,unread,1,Has reasoning trace
087,unread,1,Has reasoning trace
102,unread,1,Has reasoning trace
159,unread,1,Has reasoning trace
197,unread,1,Has reasoning trace
221,unread,1,Has reasoning trace
271,unread,1,Has reasoning trace
287,unread,1,Has reasoning trace
362,unread,1,Has reasoning trace
